Workbook

Sheet Monthly Data
A1: cuisine | B1: month | C1: order_count | D1: total_revenue | E1: avg_revenue
A2: Chinese | B2: 2026-01 | C2: 16 | D2: 24583 | E2: 1536.4375
A3: Chinese | B3: 2026-02 | C3: 16 | D3: 20381 | E3: 1273.8125
A4: Chinese | B4: 2026-03 | C4: 16 | D4: 20273 | E4: 1267.0625
A5: Chinese | B5: 2026-04 | C5: 15 | D5: 18695 | E5: 1246.3333
A6: Chinese | B6: 2026-05 | C6: 10 | D6: 14677 | E6: 1467.7
A7: Chinese | B7: 2026-06 | C7: 18 | D7: 29231 | E7: 1623.9444
A8: Desserts | B8: 2026-01 | C8: 3 | D8: 5706 | E8: 1902
A9: Desserts | B9: 2026-02 | C9: 3 | D9: 3953 | E9: 1317.6667
A10: Desserts | B10: 2026-03 | C10: 2 | D10: 2809 | E10: 1404.5
A11: Desserts | B11: 2026-05 | C11: 4 | D11: 5633 | E11: 1408.25
A12: Desserts | B12: 2026-06 | C12: 1 | D12: 1593 | E12: 1593
A13: Fast Food | B13: 2026-01 | C13: 10 | D13: 10499 | E13: 1049.9
... A35: South Indian | B35: 2026-06 | C35: 10 | D35: 12834 | E35: 1283.4

Sheet Pivot Table 2
B1: Data
A2: cuisine | B2: SUM of total_revenue | C2: SUM of order_count
A3: Chinese | B3: 127840 | C3: 91
A4: Desserts | B4: 19694 | C4: 13
A5: Fast Food | B5: 55123 | C5: 42
A6: Italian | B6: 14735 | C6: 11
A7: North Indian | B7: 216297 | C7: 154
A8: South Indian | B8: 63417 | C8: 47
A9: (empty)
A10: Total Result | B10: 497106 | C10: 358

Sheet Cuisine Targets
A1: cuisine | B1: target_revenue_inr
A2: North Indian | B2: 180000
A3: Chinese | B3: 140000
A4: South Indian | B4: 50000
A5: Fast Food | B5: 60000
A6: Desserts | B6: 25000
A7: Italian | B7: 10000

Sheet Cuisine Summary
A1: cuisine | B1: total_revenue | C1: target_revenue_inr | D1: variance | E1: percentage_variance | F1: status_tag | G1: Matches Part A SQL total?
A2: Chinese | B2: =VLOOKUP(A2,'Pivot Table 2'!A:B,2,FALSE()) -> 127840 | C2: =VLOOKUP(A2,'Cuisine Targets'!$A$2:$B$7,2,FALSE()) -> 140000 | D2: =C2-B2 -> 12160 | E2: =((B2-C2)/C2)*100 -> -8.6857143 | F2: =IF(B2>=C2,"Above Target",IF(((C2-B2)/C2)*100<=15,"Below Target - Watch","Below Target - Critical")) -> Below Target - Watch | G2: =IF(B2=127840,"Yes","No — mismatch, check Steps 1-4") -> Yes
A3: Desserts | B3: =VLOOKUP(A3,'Pivot Table 2'!A:B,2,FALSE()) -> 19694 | C3: =VLOOKUP(A3,'Cuisine Targets'!$A$2:$B$7,2,FALSE()) -> 25000 | D3: =C3-B3 -> 5306 | E3: =((B3-C3)/C3)*100 -> -21.224 | F3: =IF(B3>=C3,"Above Target",IF(((C3-B3)/C3)*100<=15,"Below Target - Watch","Below Target - Critical")) -> Below Target - Critical | G3: =IF(B3=19694,"Yes","No — mismatch, check Steps 1-4") -> Yes
A4: Fast Food | B4: =VLOOKUP(A4,'Pivot Table 2'!A:B,2,FALSE()) -> 55123 | C4: =VLOOKUP(A4,'Cuisine Targets'!$A$2:$B$7,2,FALSE()) -> 60000 | D4: =C4-B4 -> 4877 | E4: =((B4-C4)/C4)*100 -> -8.1283333 | F4: =IF(B4>=C4,"Above Target",IF(((C4-B4)/C4)*100<=15,"Below Target - Watch","Below Target - Critical")) -> Below Target - Watch | G4: =IF(B4=55123,"Yes","No — mismatch, check Steps 1-4") -> Yes
A5: Italian | B5: =VLOOKUP(A5,'Pivot Table 2'!A:B,2,FALSE()) -> 14735 | C5: =VLOOKUP(A5,'Cuisine Targets'!$A$2:$B$7,2,FALSE()) -> 10000 | D5: =C5-B5 -> -4735 | E5: =((B5-C5)/C5)*100 -> 47.35 | F5: =IF(B5>=C5,"Above Target",IF(((C5-B5)/C5)*100<=15,"Below Target - Watch","Below Target - Critical")) -> Above Target | G5: =IF(B5=14735,"Yes","No — mismatch, check Steps 1-4") -> Yes
A6: North Indian | B6: =VLOOKUP(A6,'Pivot Table 2'!A:B,2,FALSE()) -> 216297 | C6: =VLOOKUP(A6,'Cuisine Targets'!$A$2:$B$7,2,FALSE()) -> 180000 | D6: =C6-B6 -> -36297 | E6: =((B6-C6)/C6)*100 -> 20.165 | F6: =IF(B6>=C6,"Above Target",IF(((C6-B6)/C6)*100<=15,"Below Target - Watch","Below Target - Critical")) -> Above Target | G6: =IF(B6=216297,"Yes","No — mismatch, check Steps 1-4") -> Yes
A7: South Indian | B7: =VLOOKUP(A7,'Pivot Table 2'!A:B,2,FALSE()) -> 63417 | C7: =VLOOKUP(A7,'Cuisine Targets'!$A$2:$B$7,2,FALSE()) -> 50000 | D7: =C7-B7 -> -13417 | E7: =((B7-C7)/C7)*100 -> 26.834 | F7: =IF(B7>=C7,"Above Target",IF(((C7-B7)/C7)*100<=15,"Below Target - Watch","Below Target - Critical")) -> Above Target | G7: =IF(B7=63417,"Yes","No — mismatch, check Steps 1-4") -> Yes
